energy,key,loudness,mode,tempo,duration_ms
0.24051182,1,-12.37727165222168,1,129.19921875,257319
