energy,key,loudness,mode,tempo,duration_ms
0.29249874,6,-10.677520036697388,1,123.046875,194977
